City_ID,City,Country,Date,Lat,Lng,Max Temp,Humidity,Cloudiness,Wind Speed
0,Dolinsk,RU,2021-08-01 00:16:07,47.35,142.8,67.86,85,100,7.67
1,Kazachinskoye,RU,2021-08-01 00:16:08,57.6953,93.2761,59.67,75,31,2.51
2,Sitka,US,2021-08-01 00:16:08,57.0531,-135.33,64.29,77,40,9.22
3,Coihaique,CL,2021-08-01 00:16:09,-45.5752,-72.0662,31.95,86,0,3.44
4,Tombouctou,ML,2021-08-01 00:16:09,20.0,-3.0,96.91,25,32,10.09
5,Hermanus,ZA,2021-08-01 00:13:30,-34.4187,19.2345,53.8,89,99,7.05
6,Rosetown,CA,2021-08-01 00:16:09,51.5501,-108.0014,88.99,19,0,6.91
7,Auki,SB,2021-08-01 00:16:10,-8.7676,160.7034,80.44,78,100,4.94
8,Vaini,TO,2021-08-01 00:13:53,-21.2,-175.2,73.71,75,100,26.87
9,Bengkulu,ID,2021-08-01 00:16:10,-3.8004,102.2655,74.79,90,43,3.58
10,Magway,MM,2021-08-01 00:16:11,20.15,94.9167,79.11,83,98,9.86
11,Norman Wells,CA,2021-08-01 00:14:25,65.282,-126.8329,84.94,28,37,5.17
12,Sisimiut,GL,2021-08-01 00:16:11,66.9395,-53.6735,50.38,73,23,2.64
13,Nikolskoye,RU,2021-08-01 00:16:11,59.7035,30.7861,61.81,98,41,5.64
14,Rio Grande,BR,2021-08-01 00:13:05,-32.035,-52.0986,45.95,91,0,9.04
15,Punta Arenas,CL,2021-08-01 00:16:12,-53.15,-70.9167,39.31,65,0,11.5
16,Airai,TL,2021-08-01 00:16:12,-8.9266,125.4092,67.44,55,58,3.58
17,Mar Del Plata,AR,2021-08-01 00:12:04,-38.0023,-57.5575,49.12,28,36,1.01
18,Port Alfred,ZA,2021-08-01 00:16:13,-33.5906,26.891,65.77,30,99,8.9
19,Chapais,CA,2021-08-01 00:16:13,49.7834,-74.8492,62.38,62,77,6.17
20,Yellowknife,CA,2021-08-01 00:12:50,62.456,-114.3525,83.28,45,20,1.01
21,Qaanaaq,GL,2021-08-01 00:16:14,77.484,-69.3632,41.05,88,94,3.53
22,Riyadh,SA,2021-08-01 00:15:36,24.6877,46.7219,91.54,16,69,8.34
23,Esperance,AU,2021-08-01 00:16:14,-33.8667,121.9,48.04,84,61,22.3
24,Chokurdakh,RU,2021-08-01 00:16:14,70.6333,147.9167,42.6,73,100,19.6
25,Severo-Kurilsk,RU,2021-08-01 00:16:15,50.6789,156.125,55.54,83,99,9.86
26,Carnarvon,AU,2021-08-01 00:16:15,-24.8667,113.6333,55.47,59,90,5.75
27,Kieta,PG,2021-08-01 00:16:16,-6.2167,155.6333,84.36,70,26,6.85
28,Hualmay,PE,2021-08-01 00:16:16,-11.0964,-77.6139,63.86,82,27,11.21
29,Tual,ID,2021-08-01 00:16:16,-5.6667,132.75,81.27,78,63,10.09
30,Puerto Ayora,EC,2021-08-01 00:16:17,-0.7393,-90.3518,71.55,89,42,5.99
31,Bilibino,RU,2021-08-01 00:15:54,68.0546,166.4372,51.08,49,94,8.16
32,Kamaishi,JP,2021-08-01 00:16:18,39.2667,141.8833,76.15,82,88,4.61
33,Alta Floresta,BR,2021-08-01 00:16:18,-9.8756,-56.0861,75.36,34,17,4.97
34,Bluff,NZ,2021-08-01 00:16:18,-46.6,168.3333,49.8,93,100,0.07
35,Faya,SA,2021-08-01 00:16:19,18.3851,42.4509,62.71,72,99,4.68
36,Chuy,UY,2021-08-01 00:16:19,-33.6971,-53.4616,47.52,92,0,4.61
37,Lorengau,PG,2021-08-01 00:16:20,-2.0226,147.2712,84.69,68,45,6.93
38,Hobyo,SO,2021-08-01 00:16:20,5.3505,48.5268,75.65,83,85,22.39
39,Butaritari,KI,2021-08-01 00:16:20,3.0707,172.7902,81.73,74,38,8.41
40,Isangel,VU,2021-08-01 00:16:21,-19.55,169.2667,73.51,56,75,13.8
41,Petropavlovsk-Kamchatskiy,RU,2021-08-01 00:16:21,53.0452,158.6483,57.79,88,75,6.71
42,Upernavik,GL,2021-08-01 00:15:26,72.7868,-56.1549,44.01,75,100,4.18
43,Krasnoborsk,RU,2021-08-01 00:16:21,61.5598,45.934,54.61,98,78,7.05
44,Mecca,SA,2021-08-01 00:11:32,21.4267,39.8261,87.44,52,84,18.7
45,Narsaq,GL,2021-08-01 00:16:22,60.9167,-46.05,50.22,75,83,4.23
46,Plouzane,FR,2021-08-01 00:16:22,48.3833,-4.6167,57.52,96,75,4.61
47,Wajima,JP,2021-08-01 00:16:07,37.4,136.9,84.88,74,75,2.3
48,Klaksvik,FO,2021-08-01 00:16:23,62.2266,-6.589,47.32,77,94,12.24
49,Kodiak,US,2021-08-01 00:16:23,57.79,-152.4072,62.11,72,90,8.05
50,Bredasdorp,ZA,2021-08-01 00:14:41,-34.5322,20.0403,53.28,89,100,5.14
51,Rikitea,PF,2021-08-01 00:16:23,-23.1203,-134.9692,70.54,72,10,12.3
52,Cape Town,ZA,2021-08-01 00:13:42,-33.9258,18.4232,57.09,90,62,2.28
53,Semirom,IR,2021-08-01 00:16:24,31.4167,51.5667,65.34,33,36,2.62
54,Albany,US,2021-08-01 00:16:24,42.6001,-73.9662,64.89,71,31,4.41
55,Provideniya,RU,2021-08-01 00:16:25,64.3833,-173.3,46.83,76,92,5.91
56,Yumen,CN,2021-08-01 00:16:25,40.2833,97.2,75.25,25,96,18.66
57,Ambilobe,MG,2021-08-01 00:16:25,-13.2,49.05,62.55,71,0,4.0
58,Ribeira Grande,PT,2021-08-01 00:16:26,38.5167,-28.7,71.51,85,45,5.93
59,Fauske,NO,2021-08-01 00:16:26,67.2588,15.3918,50.04,88,100,4.14
60,Saldanha,ZA,2021-08-01 00:16:26,-33.0117,17.9442,57.7,60,34,4.68
61,Kahului,US,2021-08-01 00:16:27,20.8947,-156.47,87.96,64,20,28.77
62,Kapaa,US,2021-08-01 00:16:27,22.0752,-159.319,88.12,66,20,3.0
63,Hami,CN,2021-08-01 00:16:28,42.8,93.45,77.2,39,100,7.65
64,Avarua,CK,2021-08-01 00:16:28,-21.2078,-159.775,77.05,69,90,13.8
65,Richards Bay,ZA,2021-08-01 00:16:28,-28.783,32.0377,59.0,86,0,8.34
66,Talnakh,RU,2021-08-01 00:16:29,69.4865,88.3972,55.44,76,30,9.8
67,Kaitangata,NZ,2021-08-01 00:16:29,-46.2817,169.8464,48.97,98,100,2.15
68,Tuktoyaktuk,CA,2021-08-01 00:15:24,69.4541,-133.0374,66.2,68,75,6.91
69,Dunedin,NZ,2021-08-01 00:13:46,-45.8742,170.5036,51.8,80,100,5.01
70,Marawi,PH,2021-08-01 00:16:30,7.9986,124.2928,75.65,76,60,2.91
71,Myitkyina,MM,2021-08-01 00:16:30,25.3833,97.4,74.61,99,100,0.36
72,Arraial Do Cabo,BR,2021-08-01 00:16:30,-22.9661,-42.0278,66.67,63,100,12.03
73,Salinas,US,2021-08-01 00:12:44,36.6777,-121.6555,86.58,66,20,14.97
74,Mataura,NZ,2021-08-01 00:16:31,-46.1927,168.8643,49.48,100,100,0.72
75,Maxixe,MZ,2021-08-01 00:16:31,-23.8597,35.3472,61.34,83,0,4.47
76,Necochea,AR,2021-08-01 00:16:31,-38.5473,-58.7368,43.03,78,44,6.62
77,New Norfolk,AU,2021-08-01 00:16:32,-42.7826,147.0587,49.5,50,11,7.45
78,Hobart,AU,2021-08-01 00:15:01,-42.8794,147.3294,49.86,66,75,3.0
79,North Platte,US,2021-08-01 00:13:52,41.1239,-100.7654,82.33,71,1,4.61
80,Atuona,PF,2021-08-01 00:14:00,-9.8,-139.0333,76.91,69,57,13.71
81,Bambous Virieux,MU,2021-08-01 00:16:32,-20.3428,57.7575,70.05,78,40,11.5
82,Duluth,US,2021-08-01 00:16:33,46.7833,-92.1066,76.26,61,90,1.01
83,Victoria,HK,2021-08-01 00:14:15,22.2855,114.1577,86.38,89,99,5.01
84,Urumqi,CN,2021-08-01 00:16:33,43.801,87.6005,65.35,56,0,4.47
85,Kaputa,ZM,2021-08-01 00:16:34,-8.4689,29.6619,65.46,56,2,8.75
86,Soyo,AO,2021-08-01 00:16:34,-6.1349,12.3689,72.81,82,32,5.14
87,Clyde River,CA,2021-08-01 00:12:28,70.4692,-68.5914,38.35,90,100,5.03
88,Hilo,US,2021-08-01 00:16:34,19.7297,-155.09,82.13,73,75,14.97
89,Berlevag,NO,2021-08-01 00:16:35,70.8578,29.0864,48.07,93,100,8.32
90,Dikson,RU,2021-08-01 00:16:35,73.5069,80.5464,41.63,100,100,8.5
91,Saint-Pierre,RE,2021-08-01 00:16:36,-21.3393,55.4781,65.84,68,0,4.61
92,Kuah,MY,2021-08-01 00:16:36,6.3265,99.8432,82.38,83,20,3.44
93,Ushuaia,AR,2021-08-01 00:14:04,-54.8,-68.3,42.46,61,75,20.71
94,Sabang,ID,2021-08-01 00:16:37,5.8933,95.3214,82.53,76,100,25.5
95,Tampakan,PH,2021-08-01 00:16:37,6.4442,124.9264,81.27,81,74,1.63
96,Atlantic Beach,US,2021-08-01 00:16:39,30.3344,-81.3987,91.06,64,39,1.99
97,Georgetown,MY,2021-08-01 00:15:11,5.4112,100.3354,78.73,91,40,3.44
98,Cidreira,BR,2021-08-01 00:16:39,-30.1811,-50.2056,57.4,85,31,15.57
99,Saint-Philippe,RE,2021-08-01 00:16:40,-21.3585,55.7679,65.75,84,31,11.07
100,Tiksi,RU,2021-08-01 00:16:40,71.6872,128.8694,41.86,84,91,8.99
101,Bor,RU,2021-08-01 00:16:40,56.3567,44.0669,64.33,96,2,6.15
102,Dakar,SN,2021-08-01 00:16:41,14.6937,-17.4441,79.68,85,100,12.01
103,Salima,MW,2021-08-01 00:16:41,-13.7804,34.4587,66.4,68,63,10.42
104,Maridi,SS,2021-08-01 00:16:41,4.9158,29.4742,65.55,97,100,4.03
105,Bandarbeyla,SO,2021-08-01 00:16:42,9.4942,50.8122,75.13,84,86,23.67
106,Camocim,BR,2021-08-01 00:16:42,-2.9022,-40.8411,77.23,79,82,12.35
107,Lamu,KE,2021-08-01 00:15:01,-2.2717,40.902,73.62,85,100,17.4
108,Samagaltay,RU,2021-08-01 00:16:43,50.6022,95.0047,52.2,86,100,6.26
109,Goderich,CA,2021-08-01 00:15:35,43.7501,-81.7165,72.91,73,65,3.44
110,Thompson,CA,2021-08-01 00:16:44,55.7435,-97.8558,75.36,43,75,10.36
111,Ostrovnoy,RU,2021-08-01 00:16:44,68.0531,39.5131,45.19,95,96,5.68
112,Busselton,AU,2021-08-01 00:16:44,-33.65,115.3333,46.04,76,90,31.09
113,At-Bashi,KG,2021-08-01 00:16:45,41.1702,75.8106,52.21,42,21,1.81
114,Kangaatsiaq,GL,2021-08-01 00:16:45,68.3065,-53.4641,42.82,92,88,13.71
115,Zyryanka,RU,2021-08-01 00:16:46,65.75,150.85,43.75,85,100,25.3
116,Barreirinhas,BR,2021-08-01 00:16:46,-2.7469,-42.8264,76.42,83,8,6.42
117,Cockburn Town,TC,2021-08-01 00:14:28,21.4612,-71.1419,82.29,82,31,19.13
118,Northam,GB,2021-08-01 00:16:46,51.0333,-4.2167,60.39,95,27,4.9
119,Port Elizabeth,ZA,2021-08-01 00:12:49,-33.918,25.5701,59.92,40,96,4.92
120,Hithadhoo,MV,2021-08-01 00:16:47,-0.6,73.0833,80.92,74,51,5.59
121,Lavrentiya,RU,2021-08-01 00:12:18,65.5833,-171.0,42.87,86,100,6.51
122,Souillac,MU,2021-08-01 00:14:16,-20.5167,57.5167,69.37,80,12,14.05
123,Cape Coast,GH,2021-08-01 00:16:47,5.1053,-1.2466,75.51,90,44,8.25
124,Zaysan,KZ,2021-08-01 00:16:48,47.4667,84.8667,62.56,28,0,8.43
125,Cherskiy,RU,2021-08-01 00:16:48,68.75,161.3,40.87,94,100,12.59
126,Itaituba,BR,2021-08-01 00:16:49,-4.2761,-55.9836,75.45,79,95,3.18
127,Brae,GB,2021-08-01 00:16:49,60.3964,-1.353,49.91,80,91,19.15
128,Benicarlo,ES,2021-08-01 00:16:49,40.4165,0.4271,68.25,54,40,20.76
129,Cam Ranh,VN,2021-08-01 00:16:50,11.9214,109.1591,85.96,62,20,9.22
130,Lompoc,US,2021-08-01 00:16:50,34.6391,-120.4579,84.78,71,1,8.01
131,Dalby,AU,2021-08-01 00:16:50,-27.1833,151.2667,69.98,65,0,4.0
132,Neiafu,TO,2021-08-01 00:16:51,-18.65,-173.9833,77.68,83,75,6.91
133,Ironton,US,2021-08-01 00:16:51,38.5368,-82.6829,75.18,83,75,3.44
134,Constitucion,CL,2021-08-01 00:16:51,-35.3333,-72.4167,52.32,79,35,6.55
135,Menongue,AO,2021-08-01 00:16:52,-14.6585,17.691,49.33,44,0,5.12
136,Makinsk,KZ,2021-08-01 00:16:52,52.6292,70.4169,62.65,78,60,3.13
137,Belyy Yar,RU,2021-08-01 00:16:53,53.6039,91.3903,57.09,94,0,0.0
138,Banda Aceh,ID,2021-08-01 00:16:53,5.5577,95.3222,79.61,78,100,15.99
139,Vila Franca Do Campo,PT,2021-08-01 00:16:53,37.7167,-25.4333,72.01,91,62,4.79
140,Evensk,RU,2021-08-01 00:12:18,61.95,159.2333,54.52,59,56,7.07
141,Nagai,JP,2021-08-01 00:16:54,38.1036,140.035,86.58,68,67,2.44
142,Port Lincoln,AU,2021-08-01 00:16:54,-34.7333,135.8667,53.37,74,2,10.09
143,Jamestown,US,2021-08-01 00:16:55,42.097,-79.2353,69.12,72,1,2.17
144,Banjarmasin,ID,2021-08-01 00:16:55,-3.3244,114.591,76.78,87,66,2.59
145,Husavik,IS,2021-08-01 00:16:55,66.0449,-17.3389,49.91,71,87,1.9
146,Belozerskoye,RU,2021-08-01 00:16:56,55.8214,65.5842,63.88,96,100,6.4
147,Dingle,PH,2021-08-01 00:16:56,10.9995,122.6711,83.57,79,86,12.35
148,Grindavik,IS,2021-08-01 00:16:57,63.8424,-22.4338,55.35,100,90,9.22
149,Saskylakh,RU,2021-08-01 00:16:57,71.9167,114.0833,75.92,34,0,9.55
150,Tiznit,MA,2021-08-01 00:16:57,29.5833,-9.5,79.86,40,37,2.51
151,Tadine,NC,2021-08-01 00:16:58,-21.55,167.8833,70.43,52,2,18.14
152,Sur,OM,2021-08-01 00:16:58,22.5667,59.5289,87.6,61,63,8.46
153,Saint Anthony,US,2021-08-01 00:16:59,45.0205,-93.218,84.13,39,1,4.0
154,Nishihara,JP,2021-08-01 00:16:59,26.1842,127.7558,83.86,95,75,16.11
155,Brits,ZA,2021-08-01 00:16:59,-25.6347,27.7802,55.45,44,0,2.3
156,Nhulunbuy,AU,2021-08-01 00:17:00,-12.2333,136.7667,84.81,65,39,14.97
157,Gerede,TR,2021-08-01 00:17:00,40.8008,32.1969,56.75,61,0,3.0
158,Barrow,US,2021-08-01 00:14:05,71.2906,-156.7887,48.22,95,90,20.71
159,Codrington,AU,2021-08-01 00:17:01,-38.2667,141.9667,48.34,84,30,10.16
160,Dali,CN,2021-08-01 00:17:01,25.7,100.1833,60.94,88,94,1.9
161,Camacha,PT,2021-08-01 00:17:01,33.0833,-16.3333,67.42,68,75,8.05
162,Yeppoon,AU,2021-08-01 00:17:02,-23.1333,150.7333,74.98,66,0,7.16
163,Champerico,GT,2021-08-01 00:17:02,14.3,-91.9167,87.35,76,25,6.22
164,Arys,KZ,2021-08-01 00:17:03,42.4252,68.795,80.82,22,87,14.52
165,Portland,US,2021-08-01 00:14:17,45.5234,-122.6762,87.94,47,90,5.75
166,Cutlerville,US,2021-08-01 00:17:03,42.8409,-85.6636,74.28,69,40,1.01
167,Wad Rawah,SD,2021-08-01 00:17:03,15.1603,33.1397,76.19,75,98,15.64
168,Khatanga,RU,2021-08-01 00:17:04,71.9667,102.5,66.83,64,79,7.81
169,San Cristobal,VE,2021-08-01 00:17:04,7.7669,-72.225,77.18,98,51,5.03
170,Caloto,CO,2021-08-01 00:17:05,3.0359,-76.4079,77.32,80,61,2.73
171,Cootamundra,AU,2021-08-01 00:17:05,-34.65,148.0333,50.95,95,84,4.16
172,Mount Gambier,AU,2021-08-01 00:16:56,-37.8333,140.7667,49.12,86,13,7.09
173,Guerrero Negro,MX,2021-08-01 00:17:06,27.9769,-114.0611,80.11,59,41,16.24
174,Ontario,US,2021-08-01 00:17:06,34.0633,-117.6509,104.74,26,20,5.01
175,Saint George,US,2021-08-01 00:12:50,37.1041,-113.5841,86.59,48,1,14.97
176,Darhan,MN,2021-08-01 00:17:07,49.4867,105.9228,61.81,82,75,1.05
177,Iqaluit,CA,2021-08-01 00:14:24,63.7506,-68.5145,54.7,66,91,6.51
178,Ilulissat,GL,2021-08-01 00:17:07,69.2167,-51.1,55.42,50,48,9.22
179,Kalianget,ID,2021-08-01 00:17:07,-7.05,113.9333,80.11,72,33,4.99
180,Talcahuano,CL,2021-08-01 00:17:08,-36.7167,-73.1167,49.68,76,0,6.91
181,Umm Kaddadah,SD,2021-08-01 00:17:08,13.6017,26.6876,81.34,61,73,19.8
182,La Ronge,CA,2021-08-01 00:17:09,55.1001,-105.2842,75.45,38,75,5.75
183,Villaviciosa,ES,2021-08-01 00:17:09,43.4813,-5.4357,61.16,93,35,5.88
184,Carballo,ES,2021-08-01 00:17:10,43.213,-8.691,60.87,86,55,4.05
185,Namibe,AO,2021-08-01 00:17:10,-15.1961,12.1522,68.13,83,42,6.46
186,Caraballeda,VE,2021-08-01 00:17:11,10.6112,-66.8522,80.67,89,20,9.22
187,Ponta Do Sol,PT,2021-08-01 00:14:33,32.6667,-17.1,71.71,72,12,9.06
188,Alekseyevka,RU,2021-08-01 00:17:11,50.6309,38.6903,69.78,56,0,1.66
189,Cortez,US,2021-08-01 00:17:11,37.3489,-108.5859,79.56,53,75,13.8
190,Karratha,AU,2021-08-01 00:17:12,-20.7377,116.8463,61.97,45,1,9.19
191,Kargil,IN,2021-08-01 00:17:12,34.5667,76.1,57.45,61,75,5.12
192,Port Moresby,PG,2021-08-01 00:12:15,-9.4431,147.1797,77.95,78,94,7.54
193,Atasu,KZ,2021-08-01 00:17:13,48.6814,71.6433,69.53,31,5,5.14
194,Rudraprayag,IN,2021-08-01 00:17:13,30.2833,78.9833,74.82,96,28,1.59
195,Bardiyah,LY,2021-08-01 00:17:13,31.7561,25.0865,79.18,81,0,18.37
196,Matara,LK,2021-08-01 00:17:14,5.9485,80.5353,77.4,88,47,9.71
197,Wewak,PG,2021-08-01 00:17:14,-3.5534,143.6268,82.76,74,50,6.04
198,Tacuarembo,UY,2021-08-01 00:17:15,-31.7333,-55.9833,46.35,83,0,4.27
199,Buraydah,SA,2021-08-01 00:13:48,26.326,43.975,86.04,12,1,6.35
200,Mahibadhoo,MV,2021-08-01 00:17:15,3.7833,72.9667,81.57,76,85,8.93
201,Bairnsdale,AU,2021-08-01 00:17:16,-37.8333,147.6167,54.7,84,99,4.76
202,Faanui,PF,2021-08-01 00:17:16,-16.4833,-151.75,77.38,66,99,16.28
203,Kirundo,BI,2021-08-01 00:17:16,-2.5833,30.1667,65.17,53,60,3.22
204,Honningsvag,NO,2021-08-01 00:17:17,70.9821,25.9704,45.46,92,100,7.4
205,Natal,BR,2021-08-01 00:14:14,-5.795,-35.2094,75.85,80,33,13.29
206,Jalu,LY,2021-08-01 00:17:17,29.0331,21.5482,87.03,18,0,9.33
207,Almenara,BR,2021-08-01 00:17:18,-16.1836,-40.6944,65.14,76,100,3.29
208,Graham,US,2021-08-01 00:17:18,47.0529,-122.2943,76.57,57,1,0.0
209,Pathein,MM,2021-08-01 00:17:19,16.7833,94.7333,79.47,89,100,9.62
210,Leningradskiy,RU,2021-08-01 00:17:19,69.3833,178.4167,34.86,87,100,18.34
211,Sungurlu,TR,2021-08-01 00:17:19,40.1675,34.3739,66.07,54,0,4.85
212,Westport,US,2021-08-01 00:16:09,41.1415,-73.3579,74.05,54,1,1.01
213,Rutland,US,2021-08-01 00:17:20,43.6167,-73.0162,64.38,72,1,4.61
214,Boca Do Acre,BR,2021-08-01 00:17:20,-8.7522,-67.3978,72.41,44,31,0.74
215,Komsomolskiy,UZ,2021-08-01 00:17:21,40.4272,71.7189,75.92,50,24,6.91
216,Tura,IN,2021-08-01 00:17:21,25.5198,90.2201,73.74,98,100,3.65
217,Kaeo,NZ,2021-08-01 00:17:21,-35.1,173.7833,62.33,69,7,8.01
218,Kharovsk,RU,2021-08-01 00:17:22,59.9642,40.1912,54.21,97,13,7.0
219,Coquimbo,CL,2021-08-01 00:17:22,-29.9533,-71.3436,51.53,87,0,2.3
220,Chicama,PE,2021-08-01 00:17:23,-7.8447,-79.1469,63.14,81,7,8.23
221,Sambava,MG,2021-08-01 00:17:23,-14.2667,50.1667,66.09,81,1,12.66
222,Belmonte,BR,2021-08-01 00:17:24,-15.8631,-38.8828,66.7,73,98,13.94
223,Lyngseidet,NO,2021-08-01 00:17:24,69.5763,20.2189,44.69,96,100,5.57
224,Aklavik,CA,2021-08-01 00:14:48,68.2191,-135.0107,79.74,35,89,15.5
225,East London,ZA,2021-08-01 00:15:38,-33.0153,27.9116,66.51,24,96,6.64
226,Flinders,AU,2021-08-01 00:15:09,-34.5833,150.8552,75.06,51,1,8.05
227,Pevek,RU,2021-08-01 00:15:46,69.7008,170.3133,36.9,76,97,12.66
228,Hasaki,JP,2021-08-01 00:17:25,35.7333,140.8333,86.4,79,38,4.88
229,Port Blair,IN,2021-08-01 00:17:25,11.6667,92.75,81.84,82,100,18.1
230,Bethel,US,2021-08-01 00:17:26,41.3712,-73.414,70.72,74,1,3.44
231,Makakilo City,US,2021-08-01 00:15:05,21.3469,-158.0858,88.12,52,20,12.66
232,Gualaceo,EC,2021-08-01 00:17:26,-2.9,-78.7833,62.26,96,96,4.68
233,Nushki,PK,2021-08-01 00:17:27,29.5542,66.0215,79.2,17,0,3.71
234,Semey,KZ,2021-08-01 00:17:27,50.4111,80.2275,61.02,48,0,6.71
235,Rorvik,NO,2021-08-01 00:17:27,64.8621,11.2373,52.29,75,100,12.53
236,Paducah,US,2021-08-01 00:17:28,37.0834,-88.6001,86.49,78,75,0.0
237,Castro,BR,2021-08-01 00:14:47,-24.7911,-50.0119,46.81,81,99,6.38
238,Nyangao,TZ,2021-08-01 00:17:28,-10.3333,39.2833,65.44,89,25,1.7
239,Nanakuli,US,2021-08-01 00:17:29,21.3906,-158.1547,89.55,50,20,12.66
240,Araouane,ML,2021-08-01 00:17:29,18.9048,-3.5265,95.81,31,25,5.68
241,Pacific Grove,US,2021-08-01 00:13:08,36.6177,-121.9166,86.16,78,20,3.0
242,Tasiilaq,GL,2021-08-01 00:17:30,65.6145,-37.6368,46.56,82,49,4.18
243,Albanel,CA,2021-08-01 00:17:30,48.8832,-72.4487,62.74,63,72,4.61
244,Beringovskiy,RU,2021-08-01 00:17:30,63.05,179.3167,45.93,70,88,1.97
245,Divnomorskoye,RU,2021-08-01 00:17:31,44.5011,38.1353,73.76,73,0,3.76
246,Pimentel,PE,2021-08-01 00:17:31,-6.8367,-79.9342,64.99,83,28,4.0
247,Moyo,UG,2021-08-01 00:17:31,3.6609,31.7247,63.81,96,96,1.7
248,Bahce,TR,2021-08-01 00:17:32,37.1972,36.5766,75.96,78,0,3.11
249,Naifaru,MV,2021-08-01 00:17:32,5.4444,73.3657,82.22,75,60,11.88
250,Swanzey,US,2021-08-01 00:17:33,42.8698,-72.2818,65.97,80,1,0.0
251,Villa Del Rosario,CO,2021-08-01 00:17:33,7.8339,-72.4742,82.78,51,40,18.41
252,Capoterra,IT,2021-08-01 00:17:34,39.1763,8.9718,84.56,76,0,10.36
253,Vienna,AT,2021-08-01 00:12:48,48.2085,16.3721,68.59,90,20,1.01
254,Nabire,ID,2021-08-01 00:15:35,-3.3667,135.4833,81.03,78,91,1.36
255,Khon Buri,TH,2021-08-01 00:17:34,14.5254,102.2459,81.54,86,100,6.4
256,Fort Nelson,CA,2021-08-01 00:17:09,58.8053,-122.7002,90.99,22,20,0.0
257,Bukachacha,RU,2021-08-01 00:17:35,52.9833,116.9167,60.76,63,7,4.34
258,Mahebourg,MU,2021-08-01 00:15:42,-20.4081,57.7,70.09,78,40,11.5
259,Baykit,RU,2021-08-01 00:17:36,61.67,96.37,62.56,66,6,0.63
260,Zlobin,HR,2021-08-01 00:17:36,45.2924,14.6541,69.1,65,0,4.61
261,Luderitz,NA,2021-08-01 00:17:36,-26.6481,15.1594,67.59,25,0,7.87
262,Dingzhou,CN,2021-08-01 00:17:37,38.5131,114.9956,82.51,74,0,5.21
263,Boa Vista,BR,2021-08-01 00:14:53,2.8197,-60.6733,75.0,90,94,4.38
264,Tuy Hoa,VN,2021-08-01 00:17:37,13.0833,109.3,84.7,64,78,12.73
265,Katsuura,JP,2021-08-01 00:17:37,35.1333,140.3,86.14,74,48,7.54
266,Yongan,CN,2021-08-01 00:17:38,39.6957,113.6871,63.84,73,11,5.32
267,Neuquen,AR,2021-08-01 00:17:38,-38.9516,-68.0591,42.69,87,0,0.0
268,Gemena,CD,2021-08-01 00:17:39,3.25,19.7667,71.28,96,100,1.63
269,Darnah,LY,2021-08-01 00:17:39,32.767,22.6367,83.39,46,0,12.75
270,Vanavara,RU,2021-08-01 00:17:39,60.34,102.2797,62.26,81,100,4.56
271,Sao Filipe,CV,2021-08-01 00:17:40,14.8961,-24.4956,75.78,85,84,7.74
272,Shemonaikha,KZ,2021-08-01 00:17:40,50.6328,81.9056,59.94,55,52,3.31
273,Tyulgan,RU,2021-08-01 00:17:41,52.3405,56.166,66.49,72,25,3.29
274,Tukrah,LY,2021-08-01 00:17:41,32.5341,20.5791,80.49,61,0,1.99
275,Yarovoye,RU,2021-08-01 00:17:41,52.9273,78.58,68.0,43,42,6.08
276,Ushtobe,KZ,2021-08-01 00:17:42,45.2514,77.9838,64.56,21,0,9.19
277,Moron,AR,2021-08-01 00:17:42,-34.6534,-58.6198,53.98,75,20,2.57
278,Acajutla,SV,2021-08-01 00:17:42,13.5928,-89.8275,79.81,75,42,4.81
279,Oranjemund,NA,2021-08-01 00:17:43,-28.55,16.4333,64.98,31,2,2.42
280,Plastun,RU,2021-08-01 00:17:43,44.7561,136.2939,69.6,94,100,6.93
281,Salalah,OM,2021-08-01 00:17:44,17.0151,54.0924,77.09,94,90,5.75
282,Barcelos,PT,2021-08-01 00:13:31,41.5388,-8.6151,60.85,92,41,4.14
283,Tabou,CI,2021-08-01 00:17:44,4.423,-7.3528,76.42,86,97,10.31
284,Praia,CV,2021-08-01 00:17:44,14.9215,-23.5087,77.54,78,20,11.5
285,Aichach,DE,2021-08-01 00:17:45,48.4576,11.1341,64.42,94,90,8.05
286,Nouadhibou,MR,2021-08-01 00:17:45,20.931,-17.0347,69.78,88,3,18.41
287,Santa Rosa,PH,2021-08-01 00:17:45,14.3122,121.1114,88.09,71,100,12.3
288,Maceio,BR,2021-08-01 00:13:43,-9.6658,-35.7353,74.91,84,36,18.52
289,Krasnyy Chikoy,RU,2021-08-01 00:17:46,50.3643,108.7512,61.25,88,85,2.39
290,Itarema,BR,2021-08-01 00:17:46,-2.9248,-39.9167,78.73,81,86,14.76
291,Sakakah,SA,2021-08-01 00:17:47,29.9697,40.2064,81.97,12,0,6.6
292,Tambura,SS,2021-08-01 00:17:47,5.6,27.4667,67.75,96,70,1.7
293,Kendari,ID,2021-08-01 00:17:48,-3.945,122.4989,76.89,91,95,1.5
294,Gizo,SB,2021-08-01 00:17:48,-8.103,156.8419,81.93,75,83,16.98
295,Balkanabat,TM,2021-08-01 00:17:48,39.5108,54.3671,87.22,10,26,9.06
296,Canon City,US,2021-08-01 00:17:49,38.441,-105.2424,78.96,62,75,1.01
297,Pervoavgustovskiy,RU,2021-08-01 00:17:49,52.2264,35.0552,65.61,71,48,3.69
298,College,US,2021-08-01 00:14:21,64.8569,-147.8028,80.58,42,40,9.22
299,Muros,ES,2021-08-01 00:17:50,42.7762,-9.0603,62.83,87,89,2.51
300,Carndonagh,IE,2021-08-01 00:17:50,55.25,-7.2667,53.78,74,100,10.87
301,Non Sang,TH,2021-08-01 00:17:51,16.8687,102.5664,82.31,83,100,3.91
302,La Reforma,MX,2021-08-01 00:17:51,25.0833,-108.05,95.14,62,47,10.04
303,Ixtapa,MX,2021-08-01 00:16:49,20.7,-105.2,86.23,74,40,9.22
304,San Patricio,US,2021-08-01 00:17:51,28.017,-97.5169,92.12,60,54,15.93
305,Artyom,AZ,2021-08-01 00:17:52,40.4723,50.333,77.14,68,86,1.81
306,Kharan,PK,2021-08-01 00:15:42,28.5833,65.4167,85.59,16,1,5.88
307,Noyabrsk,RU,2021-08-01 00:17:52,63.1994,75.4507,52.45,80,69,7.67
308,San Carlos De Bariloche,AR,2021-08-01 00:16:14,-41.1456,-71.3082,29.95,64,0,4.61
309,Zelenoborskiy,RU,2021-08-01 00:17:53,66.845,32.3622,52.88,90,100,0.56
310,Ngunguru,NZ,2021-08-01 00:17:53,-35.6167,174.5,62.17,64,12,12.37
311,Eldoret,KE,2021-08-01 00:17:54,0.5204,35.2699,55.89,91,100,2.01
312,Yarada,IN,2021-08-01 00:17:54,17.65,83.2667,82.72,74,90,9.22
313,Asau,RO,2021-08-01 00:17:55,46.4333,26.4,66.96,70,18,6.02
314,Santa Catarina Ixtahuacan,GT,2021-08-01 00:17:55,14.8,-91.3667,65.75,59,20,11.5
315,Krasnyy Oktyabr,RU,2021-08-01 00:17:56,56.1167,38.8833,65.28,80,32,4.63
316,Kargat,RU,2021-08-01 00:17:56,55.1956,80.2811,60.08,60,59,3.33
317,Okmulgee,US,2021-08-01 00:17:56,35.6234,-95.9605,97.52,41,1,3.44
318,Sabha,LY,2021-08-01 00:17:57,27.0377,14.4283,87.1,15,0,8.84
319,San Pedro,PH,2021-08-01 00:17:27,14.35,121.0167,87.31,72,100,14.81
320,Leirvik,NO,2021-08-01 00:17:57,59.7798,5.5005,57.63,77,11,19.77
321,Trairi,BR,2021-08-01 00:17:52,-3.2778,-39.2689,78.33,83,69,11.25
322,Babusnica,RS,2021-08-01 00:17:58,43.0597,22.4117,74.59,61,1,4.41
323,Balikpapan,ID,2021-08-01 00:17:58,-1.2675,116.8289,77.99,94,40,4.61
324,Zemio,CF,2021-08-01 00:17:58,5.0314,25.1361,66.74,98,97,3.11
325,Hayden,US,2021-08-01 00:17:27,47.766,-116.7866,104.74,21,1,14.97
326,Anloga,GH,2021-08-01 00:17:59,5.7947,0.8973,76.46,89,63,10.02
327,Geraldton,AU,2021-08-01 00:17:59,-28.7667,114.6,62.13,72,75,24.16
328,Boshnyakovo,RU,2021-08-01 00:17:59,49.6333,142.1667,60.31,88,100,0.69
329,Okhotsk,RU,2021-08-01 00:17:50,59.3833,143.3,67.82,52,10,9.4
330,Gamba,GA,2021-08-01 00:18:00,-2.65,10.0,72.41,85,9,3.71
331,Nanortalik,GL,2021-08-01 00:18:00,60.1432,-45.2371,47.35,82,92,10.02
332,Srednekolymsk,RU,2021-08-01 00:18:01,67.45,153.6833,36.95,98,100,12.95
333,Troitskiy,RU,2021-08-01 00:18:01,57.0603,63.7481,60.91,98,97,5.75
334,Yaan,NG,2021-08-01 00:18:02,7.3833,8.5667,72.16,84,96,4.85
335,Ayagoz,KZ,2021-08-01 00:18:02,47.9714,80.4392,60.08,29,34,1.57
336,Saint Joseph,US,2021-08-01 00:16:27,39.7686,-94.8466,78.28,82,20,4.61
337,Vila Velha,BR,2021-08-01 00:18:02,-20.3297,-40.2925,62.55,94,90,5.75
338,Trindade,BR,2021-08-01 00:18:03,-16.6494,-49.4889,73.15,39,12,4.23
339,Gasa,PS,2021-08-01 00:18:03,31.5,34.4667,78.78,64,0,2.01
340,Nhamunda,BR,2021-08-01 00:18:04,-2.1861,-56.7131,76.17,79,95,1.36
341,Todos Santos,MX,2021-08-01 00:18:04,23.45,-110.2167,93.0,77,86,4.54
342,Malmesbury,ZA,2021-08-01 00:18:04,-33.4608,18.7271,55.76,67,24,2.19
343,Campos Do Jordao,BR,2021-08-01 00:18:05,-22.7394,-45.5914,40.46,81,61,1.74
344,Tuatapere,NZ,2021-08-01 00:16:00,-46.1333,167.6833,49.82,95,100,1.25
345,Maria Aurora,PH,2021-08-01 00:18:05,15.7967,121.4737,83.17,80,100,6.4
346,Samarai,PG,2021-08-01 00:18:06,-10.6167,150.6667,78.49,64,84,13.96
347,Avera,US,2021-08-01 00:16:40,33.194,-82.5271,91.45,56,85,3.89
348,Impfondo,CG,2021-08-01 00:18:06,1.6381,18.0667,75.72,71,99,1.63
349,Marsaxlokk,MT,2021-08-01 00:18:07,35.8419,14.5431,84.07,65,0,3.44
350,Ismailia,EG,2021-08-01 00:18:07,30.6043,32.2723,76.19,70,0,1.86
351,Athens,GR,2021-08-01 00:17:10,37.9795,23.7162,90.37,37,0,1.99
352,Fortuna,US,2021-08-01 00:18:07,40.5982,-124.1573,60.66,88,90,13.8
353,Ponta Delgada,PT,2021-08-01 00:18:08,37.7333,-25.6667,72.32,78,40,5.75
354,Takoradi,GH,2021-08-01 00:18:08,4.8845,-1.7554,75.81,88,62,6.67
355,Vestmannaeyjar,IS,2021-08-01 00:18:09,63.4427,-20.2734,53.67,93,100,3.09
356,Mercedes,AR,2021-08-01 00:18:09,-34.6515,-59.4307,53.19,65,7,3.53
357,Pochutla,MX,2021-08-01 00:18:09,15.7432,-96.4661,87.82,80,49,5.41
358,Nyurba,RU,2021-08-01 00:18:10,63.2842,118.3319,71.56,42,2,2.75
359,Melfi,IT,2021-08-01 00:18:10,40.9965,15.6514,77.29,41,0,8.99
360,Vostok,RU,2021-08-01 00:18:11,46.4856,135.8833,78.6,57,51,2.71
361,Tupik,RU,2021-08-01 00:18:11,54.4253,119.9327,51.6,95,92,4.9
362,Ahipara,NZ,2021-08-01 00:18:11,-35.1667,173.1667,59.52,62,17,5.73
363,Groningen,NL,2021-08-01 00:15:58,53.25,6.75,62.04,76,75,1.01
364,Son La,VN,2021-08-01 00:18:12,21.3167,103.9,72.39,98,100,1.34
365,Ambon,ID,2021-08-01 00:18:12,-3.6954,128.1814,77.14,94,40,3.44
366,La Libertad,EC,2021-08-01 00:18:13,-2.2333,-80.9,70.3,86,62,9.69
367,Pisco,PE,2021-08-01 00:14:41,-13.7,-76.2167,63.01,82,9,10.36
368,Svetlyy,RU,2021-08-01 00:18:13,54.675,20.1347,60.85,73,48,13.91
369,Arman,RU,2021-08-01 00:18:13,59.7,150.1667,63.97,50,27,3.87
370,Tautira,PF,2021-08-01 00:13:57,-17.7333,-149.15,82.42,63,94,10.67
371,Stromness,GB,2021-08-01 00:14:09,58.965,-3.296,52.05,75,100,19.3
372,Terrasini,IT,2021-08-01 00:18:14,38.146,13.0844,89.17,43,20,4.61
373,Teacapan,MX,2021-08-01 00:18:15,22.55,-105.75,86.05,68,100,4.94
374,Marzuq,YE,2021-08-01 00:18:15,14.4,46.4667,76.87,67,20,4.65
375,Batemans Bay,AU,2021-08-01 00:18:16,-35.7167,150.1833,60.19,82,27,9.6
376,Coahuayana,MX,2021-08-01 00:18:16,18.7333,-103.6833,87.28,77,98,3.4
377,Rawson,AR,2021-08-01 00:18:16,-43.3002,-65.1023,44.13,46,0,13.49
378,Naze,JP,2021-08-01 00:18:17,28.3667,129.4833,85.12,85,100,11.59
379,Khani,GE,2021-08-01 00:17:49,41.9563,42.9566,62.17,95,76,2.66
380,Pedernales,DO,2021-08-01 00:18:17,18.0384,-71.744,84.78,68,29,14.61
381,Lebu,CL,2021-08-01 00:18:17,-37.6167,-73.65,47.37,85,0,14.27
382,Loandjili,CG,2021-08-01 00:18:18,-4.7561,11.8578,72.16,85,11,4.65
383,Watsa,CD,2021-08-01 00:18:18,3.0372,29.5355,63.45,97,88,1.66
384,Mayor Pablo Lagerenza,PY,2021-08-01 00:18:19,-19.9309,-60.7718,68.05,27,40,6.76
385,Sosua,DO,2021-08-01 00:14:01,19.7667,-70.5167,84.52,84,40,13.85
386,Onguday,RU,2021-08-01 00:18:19,50.75,86.15,51.85,87,1,1.14
387,Flin Flon,CA,2021-08-01 00:18:19,54.7682,-101.865,80.67,27,18,5.66
388,Xam Nua,LA,2021-08-01 00:18:20,20.4197,104.0439,70.83,95,100,2.8
389,Lock Haven,US,2021-08-01 00:18:20,41.137,-77.4469,71.91,70,2,3.0
390,Lasa,IT,2021-08-01 00:17:02,46.6166,10.7002,62.06,94,95,3.69
391,Amapa,BR,2021-08-01 00:18:21,1.0,-52.0,71.58,99,100,2.73
392,Shevchenkove,UA,2021-08-01 00:18:21,49.6959,37.1735,69.58,63,0,3.71
393,Tarakan,ID,2021-08-01 00:18:21,3.3,117.6333,80.1,83,75,11.5
394,Yerbogachen,RU,2021-08-01 00:18:22,61.2767,108.0108,65.73,46,2,8.79
395,Felipe Carrillo Puerto,MX,2021-08-01 00:18:22,19.5833,-88.05,82.94,72,94,4.97
396,Sao Joao Da Barra,BR,2021-08-01 00:18:22,-21.6403,-41.0511,66.29,64,98,10.31
397,Kavieng,PG,2021-08-01 00:18:23,-2.5744,150.7967,83.59,67,28,3.87
398,Santa Marta,CO,2021-08-01 00:18:23,11.2408,-74.199,87.85,68,20,11.99
399,Jever,DE,2021-08-01 00:17:45,53.5833,7.9,60.06,100,75,8.05
400,Chara,RU,2021-08-01 00:18:24,56.9064,118.2631,58.78,61,55,5.03
401,Santo Tomas,PH,2021-08-01 00:18:24,14.1079,121.1414,86.56,80,100,7.83
402,Calderitas,MX,2021-08-01 00:18:24,18.55,-88.25,82.51,89,75,6.91
403,Sepuka,TZ,2021-08-01 00:18:25,-4.75,34.5333,58.55,63,44,11.07
404,Kirishi,RU,2021-08-01 00:18:25,59.4471,32.0205,54.77,91,38,5.68
405,Eureka,US,2021-08-01 00:18:25,40.8021,-124.1637,60.93,80,69,5.01
406,Buena Vista,US,2021-08-01 00:18:26,43.4203,-83.8986,75.38,60,1,9.22
407,Pridonskoy,RU,2021-08-01 00:18:26,51.6841,39.0727,64.96,77,0,4.47
408,Warragul,AU,2021-08-01 00:18:26,-38.1667,145.9333,53.24,85,81,7.0
409,Dicabisagan,PH,2021-08-01 00:18:27,17.0818,122.4157,86.0,67,100,2.71
410,Mnogovershinnyy,RU,2021-08-01 00:18:27,53.9353,139.9242,50.0,84,100,3.24
411,Bafilo,TG,2021-08-01 00:18:27,9.35,1.2667,68.36,95,97,2.48
412,Nelson Bay,AU,2021-08-01 00:18:28,-32.7167,152.15,78.76,60,0,8.03
413,Douglas,US,2021-08-01 00:17:09,41.3,-96.167,81.7,69,1,1.01
414,Buala,SB,2021-08-01 00:18:28,-8.145,159.5921,77.02,92,100,7.49
415,Kutum,SD,2021-08-01 00:18:29,14.2,24.6667,70.7,79,93,17.0
416,Haveri,IN,2021-08-01 00:18:29,14.8,75.4,70.86,88,99,14.2
417,Longyearbyen,SJ,2021-08-01 00:13:55,78.2186,15.6401,44.44,70,75,8.05
418,Mount Pleasant,US,2021-08-01 00:18:29,32.7941,-79.8626,84.18,92,1,3.0
419,Dubbo,AU,2021-08-01 00:18:30,-32.25,148.6167,62.73,55,40,13.8
420,Gat,IL,2021-08-01 00:18:30,31.61,34.7642,83.39,56,0,2.06
421,Duncan,US,2021-08-01 00:18:12,34.5023,-97.9578,96.69,48,1,6.91
422,Tezu,IN,2021-08-01 00:18:31,27.9167,96.1667,76.06,98,98,1.57
423,Graaff-Reinet,ZA,2021-08-01 00:18:31,-32.2522,24.5308,57.92,21,63,10.63
424,Berea,US,2021-08-01 00:16:47,41.3662,-81.8543,76.08,62,40,6.91
425,Mauriti,BR,2021-08-01 00:18:32,-7.3892,-38.7744,77.31,66,68,13.78
426,Bitung,ID,2021-08-01 00:18:32,1.4451,125.1824,83.25,80,27,8.57
427,Margate,GB,2021-08-01 00:18:32,51.3813,1.3862,61.03,90,41,1.01
428,Senador Pompeu,BR,2021-08-01 00:18:33,-5.5881,-39.3717,79.12,48,68,5.46
429,Ratnagiri,IN,2021-08-01 00:18:33,16.9833,73.3,79.88,83,99,15.57
430,Sale,MA,2021-08-01 00:18:28,34.0389,-6.8166,68.68,73,40,3.44
431,Sault Sainte Marie,CA,2021-08-01 00:16:49,46.5168,-84.3333,64.96,85,90,9.22
432,Aquidaba,BR,2021-08-01 00:18:34,-10.2814,-37.0186,68.76,92,67,12.91
433,Cabatuan,PH,2021-08-01 00:18:34,10.8794,122.486,83.41,78,86,10.13
434,Rivadavia,AR,2021-08-01 00:18:35,-33.1905,-68.4608,52.21,40,24,8.43
435,Poso,ID,2021-08-01 00:18:35,-1.3959,120.7524,81.72,72,15,3.74
436,Shingu,JP,2021-08-01 00:18:35,33.7333,135.9833,85.19,65,26,2.77
437,Kualakapuas,ID,2021-08-01 00:18:36,-3.0091,114.3876,76.46,88,55,2.84
438,Poum,NC,2021-08-01 00:18:36,-20.2333,164.0167,70.29,55,29,18.1
439,Luwuk,ID,2021-08-01 00:18:37,-0.9516,122.7875,81.18,78,30,4.92
440,Shenkursk,RU,2021-08-01 00:18:37,62.1091,42.896,52.09,98,78,4.74
441,Viedma,AR,2021-08-01 00:18:38,-40.8135,-62.9967,42.13,68,2,3.71
442,Esmeraldas,BR,2021-08-01 00:16:36,-19.7625,-44.3139,60.04,60,13,7.87
443,Mlyniv,UA,2021-08-01 00:18:38,50.509,25.6168,64.92,95,98,6.08
444,Ocampo,MX,2021-08-01 00:18:39,21.65,-101.5,69.8,48,49,19.46
445,Hangu,CN,2021-08-01 00:18:39,39.2489,117.7892,80.64,87,83,12.3
446,Gazli,UZ,2021-08-01 00:18:39,40.1333,63.45,80.78,16,10,11.41
447,Estelle,US,2021-08-01 00:18:40,29.8458,-90.1067,90.0,77,1,4.61
448,Vilcun,CL,2021-08-01 00:18:40,-38.65,-72.2333,38.14,95,0,1.95
449,Oussouye,SN,2021-08-01 00:18:40,12.485,-16.5469,75.29,88,100,11.34
450,Broome,US,2021-08-01 00:18:41,42.2506,-75.833,66.58,77,1,0.0
451,Opotiki,NZ,2021-08-01 00:18:41,-38.0833,177.2833,59.38,52,49,6.42
452,Zhangye,CN,2021-08-01 00:18:41,38.9342,100.4517,78.6,26,54,6.55
453,Tumba,SE,2021-08-01 00:18:42,59.1986,17.8332,64.02,93,90,2.3
454,Dalvik,IS,2021-08-01 00:18:42,65.9702,-18.5286,49.93,68,98,2.8
455,Canico,PT,2021-08-01 00:18:43,32.6333,-16.85,71.71,77,40,14.97
456,Ketchikan,US,2021-08-01 00:16:59,55.3422,-131.6461,70.27,64,1,16.11
457,Ventersburg,ZA,2021-08-01 00:18:43,-28.0856,27.1381,41.04,53,1,2.55
458,Adrar,MR,2021-08-01 00:18:44,20.5022,-10.0711,87.13,45,71,26.51
459,Akcakoca,TR,2021-08-01 00:18:44,41.0866,31.1162,73.09,60,0,3.83
460,Nemuro,JP,2021-08-01 00:18:44,43.3236,145.575,70.23,99,100,15.66
461,Hay River,CA,2021-08-01 00:18:45,60.8156,-115.7999,85.98,37,20,5.75
462,Quelimane,MZ,2021-08-01 00:18:45,-17.8786,36.8883,62.55,94,40,3.44
463,Cerrito,CO,2021-08-01 00:18:45,6.8432,-72.694,54.79,92,80,7.49
464,Olafsvik,IS,2021-08-01 00:18:46,64.8945,-23.7142,54.0,94,97,7.36
465,Khash,IR,2021-08-01 00:18:46,28.2211,61.2158,75.97,14,0,4.52
466,Camana,PE,2021-08-01 00:16:06,-16.6228,-72.7111,62.82,81,46,8.16
467,Lingsugur,IN,2021-08-01 00:18:47,16.1667,76.5167,74.55,75,100,18.03
468,Kiunga,PG,2021-08-01 00:18:47,-6.1219,141.2906,79.2,82,96,2.15
469,Carmelo,UY,2021-08-01 00:18:48,-33.9892,-58.2856,51.13,78,6,5.3
470,Banyo,CM,2021-08-01 00:18:48,6.75,11.8167,64.6,97,100,2.95
471,Saint-Augustin,CA,2021-08-01 00:18:48,51.226,-58.6502,54.97,86,100,19.73
472,Kiama,AU,2021-08-01 00:18:49,-34.6833,150.8667,74.57,58,2,11.99
473,Yunhe,CN,2021-08-01 00:18:49,34.0833,119.7167,81.86,79,0,3.47
474,Beira,MZ,2021-08-01 00:18:49,-19.8436,34.8389,66.29,88,0,3.44
475,Yar-Sale,RU,2021-08-01 00:18:50,66.8333,70.8333,47.12,87,23,7.56
476,Marshfield,US,2021-08-01 00:18:50,44.6689,-90.1718,73.13,64,75,6.91
477,Hamilton,US,2021-08-01 00:17:09,39.1834,-84.5333,73.62,71,90,1.01
478,Dukat,RU,2021-08-01 00:18:51,62.55,155.55,44.73,88,82,14.03
479,Torbay,CA,2021-08-01 00:14:22,47.6666,-52.7314,62.67,84,7,18.72
480,Balaipungut,ID,2021-08-01 00:18:51,1.05,101.2833,75.61,97,100,1.83
481,Santa Maria,BR,2021-08-01 00:15:12,-29.6842,-53.8069,49.98,84,68,4.14
482,Quatre Cocos,MU,2021-08-01 00:18:52,-20.2078,57.7625,69.91,71,7,15.79
483,Isla Vista,US,2021-08-01 00:18:52,34.4133,-119.861,95.68,54,1,10.36
484,Obo,CF,2021-08-01 00:18:53,5.3998,26.4869,67.6,98,83,2.93
485,Galle,LK,2021-08-01 00:18:45,6.0367,80.217,78.82,84,55,11.25
486,Seoul,KR,2021-08-01 00:16:17,37.5683,126.9778,83.59,83,90,3.44
487,Alice Springs,AU,2021-08-01 00:18:53,-23.7,133.8833,62.15,55,0,11.5
488,Pecos,US,2021-08-01 00:18:54,31.4229,-103.4932,99.43,26,1,11.5
489,Ilebo,CD,2021-08-01 00:18:54,-4.3167,20.5833,70.29,38,44,1.19
490,Angoche,MZ,2021-08-01 00:18:54,-16.2325,39.9086,72.77,77,11,13.42
491,Longonjo,AO,2021-08-01 00:18:55,-12.9067,15.2533,57.92,33,0,4.99
492,Fare,PF,2021-08-01 00:18:55,-16.7,-151.0167,76.8,64,96,15.01
493,Balkhash,KZ,2021-08-01 00:18:55,46.844,74.9804,72.25,39,0,9.37
494,Huron,US,2021-08-01 00:18:56,41.1501,-82.5499,75.83,70,59,5.32
495,Mayo,US,2021-08-01 00:18:56,38.8876,-76.5119,78.75,70,1,6.91
496,Beian,NO,2021-08-01 00:18:56,63.6559,9.5683,52.02,82,75,9.22
497,Winslow,US,2021-08-01 00:18:57,35.0242,-110.6974,86.18,30,1,18.41
498,Wilhelmshaven,DE,2021-08-01 00:18:57,53.5167,8.1333,60.04,92,83,13.53
499,Zapolyarnyy,RU,2021-08-01 00:18:58,69.4154,30.8136,47.48,93,100,1.9
500,Benguela,AO,2021-08-01 00:18:58,-12.5763,13.4055,70.05,86,0,3.38
501,Ancud,CL,2021-08-01 00:18:58,-41.8697,-73.8203,36.93,81,42,3.29
502,New Philadelphia,US,2021-08-01 00:18:58,40.4898,-81.4457,74.52,68,1,0.0
503,Durusu,TR,2021-08-01 00:18:59,41.3053,28.6767,80.78,87,0,8.01
504,Vanimo,PG,2021-08-01 00:18:59,-2.6741,141.3028,83.59,69,34,4.5
505,Kabwe,ZM,2021-08-01 00:18:59,-14.4469,28.4464,54.39,78,2,10.04
506,Corbelia,BR,2021-08-01 00:19:00,-24.7989,-53.3067,55.78,46,100,3.83
507,Linhares,BR,2021-08-01 00:16:35,-19.3911,-40.0722,62.78,83,35,5.06
508,Nizhniy Kuranakh,RU,2021-08-01 00:19:00,58.8353,125.4869,60.6,57,99,8.61
509,Homer,US,2021-08-01 00:19:01,59.6425,-151.5483,70.09,80,1,13.8
510,Crotone,IT,2021-08-01 00:19:01,39.0851,17.1178,82.02,52,0,2.95
511,Mutis,CO,2021-08-01 00:19:02,6.2262,-77.4044,80.4,87,74,5.37
512,The Valley,AI,2021-08-01 00:19:02,18.217,-63.0578,84.06,82,1,17.02
513,Eirunepe,BR,2021-08-01 00:19:02,-6.6603,-69.8736,72.9,50,23,1.43
514,Pavlivka,UA,2021-08-01 00:19:03,49.4414,28.4596,63.21,93,4,5.68
515,Gawler,AU,2021-08-01 00:14:18,-34.6,138.7333,52.92,94,35,6.76
516,Mitu,CO,2021-08-01 00:19:03,1.1983,-70.1733,73.72,81,100,2.35
517,Umm Lajj,SA,2021-08-01 00:19:04,25.0213,37.2685,85.55,60,100,7.99
518,Touros,BR,2021-08-01 00:19:04,-5.1989,-35.4608,76.1,82,65,15.52
519,Cabo San Lucas,MX,2021-08-01 00:19:04,22.8909,-109.9124,93.51,71,75,17.27
520,Bodden Town,KY,2021-08-01 00:19:05,19.2833,-81.25,84.99,84,5,1.99
521,Kinablangan,PH,2021-08-01 00:19:05,7.6947,126.5503,83.97,72,73,1.43
522,Karasjok,NO,2021-08-01 00:19:05,69.4719,25.5112,44.71,97,100,6.73
523,Honiara,SB,2021-08-01 00:15:17,-9.4333,159.95,83.52,69,87,3.4
524,Farmington,US,2021-08-01 00:19:06,36.7281,-108.2187,79.48,43,90,0.0
525,Hambantota,LK,2021-08-01 00:19:06,6.1241,81.1185,78.67,83,72,15.46
526,Sinnamary,GF,2021-08-01 00:19:07,5.3833,-52.95,79.0,85,61,7.65
527,Guia De Isora,ES,2021-08-01 00:19:07,28.2115,-16.7795,68.72,32,18,9.1
528,Paamiut,GL,2021-08-01 00:19:07,61.994,-49.6678,44.8,87,96,2.59
529,Troitsko-Pechorsk,RU,2021-08-01 00:19:08,62.7084,56.1964,58.86,96,98,7.09
530,Vila,PT,2021-08-01 00:19:08,42.0304,-8.1588,51.93,95,85,0.56
531,Port Hedland,AU,2021-08-01 00:19:08,-20.3167,118.5667,64.45,48,3,8.05
532,Arlit,NE,2021-08-01 00:19:09,18.7369,7.3853,88.81,40,98,14.45
533,Rancagua,CL,2021-08-01 00:19:09,-34.1708,-70.7444,52.05,42,90,0.76
534,Ternate,ID,2021-08-01 00:19:10,0.8,127.4,82.45,77,63,5.23
535,Estrela,BR,2021-08-01 00:19:10,-28.0611,-50.9383,41.95,85,62,4.21
536,Platanos,GR,2021-08-01 00:19:10,37.6667,21.6167,80.08,39,0,3.94
537,Shimoda,JP,2021-08-01 00:19:11,34.6667,138.95,86.36,69,38,5.48
538,San Jose,US,2021-08-01 00:15:14,37.3394,-121.895,92.7,50,40,14.97
539,Obihiro,JP,2021-08-01 00:19:12,42.9172,143.2044,72.81,98,100,4.63
540,Blagoyevo,RU,2021-08-01 00:19:12,63.3667,47.9167,55.9,98,92,4.12
541,Half Moon Bay,US,2021-08-01 00:14:45,37.4636,-122.4286,90.57,65,40,1.01
542,Tocopilla,CL,2021-08-01 00:19:13,-22.092,-70.1979,63.59,69,17,9.08
543,Byron Bay,AU,2021-08-01 00:19:13,-28.65,153.6167,73.51,59,3,11.54
544,Mizdah,LY,2021-08-01 00:19:13,31.4451,12.9801,81.84,22,0,2.04
545,Cap Malheureux,MU,2021-08-01 00:19:14,-19.9842,57.6142,70.29,74,1,5.99
546,Hammerfest,NO,2021-08-01 00:19:14,70.6634,23.6821,45.05,87,90,2.3
547,Inuvik,CA,2021-08-01 00:18:09,68.3499,-133.7218,79.56,38,75,8.05
548,Tretten,NO,2021-08-01 00:19:14,61.3142,10.3007,55.65,95,100,8.5
549,Kungurtug,RU,2021-08-01 00:19:15,50.5994,97.5228,53.83,99,100,1.77
550,Bundaberg,AU,2021-08-01 00:19:15,-24.85,152.35,73.69,56,0,14.97
551,Farafangana,MG,2021-08-01 00:19:15,-22.8167,47.8333,63.36,78,11,0.65
552,Halifax,CA,2021-08-01 00:16:01,44.6453,-63.5724,67.69,71,7,3.44
553,Rio Gallegos,AR,2021-08-01 00:19:16,-51.6226,-69.2181,44.65,42,75,32.21
554,Susehri,TR,2021-08-01 00:19:17,40.1644,38.0867,59.32,89,2,3.09
555,Noumea,NC,2021-08-01 00:19:17,-22.2763,166.4572,69.78,55,63,9.93
556,Bulnes,CL,2021-08-01 00:19:17,-36.7423,-72.2985,49.08,78,2,7.9
557,Port Augusta,AU,2021-08-01 00:19:18,-32.5,137.7667,53.71,72,29,3.91
558,Calvinia,ZA,2021-08-01 00:19:18,-31.4707,19.776,53.92,27,41,5.97
559,Ginir,ET,2021-08-01 00:19:18,7.1333,40.7,58.05,71,95,13.87
560,Doha,QA,2021-08-01 00:16:28,25.2867,51.5333,93.18,68,0,3.44
561,Punta Cardon,VE,2021-08-01 00:19:19,11.6581,-70.215,80.94,81,6,31.21
562,Xianyang,CN,2021-08-01 00:19:19,34.3378,108.7026,85.24,61,0,2.24
563,Yenagoa,NG,2021-08-01 00:19:20,4.9247,6.2642,75.33,89,92,4.0
